,Site Name,Operator (or Applicant),Technology Type,Planning Authority,Planning Application Submitted
4921,Cairnmore Hill Wind Farm ,RES Limited,Wind Onshore,Highland,2020-10-07
4949,Godsfield Solar Farm,Anesco Limited,Solar Photovoltaics,Winchester,2021-01-05
5020,Armadale Wind Farm,Brookfield Renewable UK,Wind Onshore,Scottish Government (S36),2022-03-22
5250,Buttington Quarry - ERF,	Broad Energy (Wales) Ltd,EfW Incineration,Welsh Government (NSIP),2021-03-08
5383,"Ravensroost Farm, Minety - Battery Energy Storage",Conrad Energy Developments II Limited,Battery,Wiltshire,2022-06-13
5708,Narachan Wind Farm,Energiekontor UK,Wind Onshore,Scottish Government (S36),2020-01-17
5710,Kintradwell Lodge - Wind Farm,Renewable Energy System Limited,Wind Onshore,Scottish Government (S36),2021-02-19
5731,Rigghill Wind Farm,Burcote Wind,Wind Onshore,North Ayrshire,2020-04-27
5772,Mor Hafren ERF,Mor Hafren Biopower,EfW Incineration,Welsh Government (NSIP),2020-09-04
5850,Drum Hollistan Wind Farm ,Muirden Energy,Wind Onshore,Highland,2020-02-17
5873,Lower Skilts Farm,Private Developer,Solar Photovoltaics,Stratford-on-Avon,2020-03-18
5891,Upper Hightown Road,Hill Power,Wind Onshore,Belfast,2020-03-06
5919,Rockdale Road,Private Developer,Wind Onshore,Mid Ulster,2020-02-19
5928,Chancerygate Way,Oakapple Renewable Energy,Solar Photovoltaics,Rushmoor,2020-01-06
5968,Elwy Solar Energy Farm,Statkraft UK Limited,Solar Photovoltaics,Welsh Government (NSIP),2021-03-22
5969,Elwy Solar Energy Farm,Statkraft UK Limited,Battery,Welsh Government (NSIP),2021-03-22
5983,Burton End,Private Developer,Solar Photovoltaics,South Cambridgeshire,2020-06-08
5988,Alfreton Solar Farm,Kronos Solar,Solar Photovoltaics,North East Derbyshire,2020-12-21
6065,Three Maids Hill Solar Farm,Environmental Asset Management,Battery,Winchester,2020-10-21
6086,Dundalk Road,Private Developer,Anaerobic Digestion,"Newry, Mourne and Down",2020-08-27
6105,Bolfornought Farm,Intelligent Land Investments,Battery,Stirling,2021-04-14
6170,Hownsgill Energy Facility,Project Genesis Limited,EfW Incineration,County Durham,2020-11-11
6208,Gibson Lane Anaerobic Digestion Plan,Melton Energy Tech,Anaerobic Digestion,East Riding of Yorkshire,2020-11-30
6223,Wallingford Road Energy Centre,Balance Power Projects Limited,Battery,South Oxfordshire,2020-12-08
6241,Coldmoorholme Lane Battery Storage,Envirotech Energy Solutions,Battery,Buckinghamshire,2020-12-16
6245,Tregorrick Farm,E H Energy Limited,Solar Photovoltaics,Cornwall,2021-01-13
6253,Windmill Farm  Solar Farm ,Harmony Energy,Solar Photovoltaics,North Yorkshire,2023-01-25
6254,Windmill Farm Solar Farm ,Harmony Energy,Battery,North Yorkshire,2023-01-25
6267,Hamilton Road -  Solar Farm,Hamilton Solar Limited,Solar Photovoltaics,Ashfield,2022-07-26
6282,Uphall Park Development,Uphall Estates Limited,Solar Photovoltaics,West Lothian,2021-01-15
6290,Ongar Landfill Ground mounted solar photovoltaic,Infinis,Solar Photovoltaics,Brentwood,2021-02-22
6309,Alpha Grimsby Renewable Energy Centre,Alpha Grimsby Limited,EfW Incineration,North East Lincolnshire,2021-02-09
6313,Imperial College Health CentreSolar Panels,Imperial College,Solar Photovoltaics,Westminster,2021-02-12
6328,Haddon Solar park,Wessex Solar Energy,Solar Photovoltaics,Huntingdonshire,2022-05-13
6332,Belvoir Estate - Solar farm,JBM Solar Projects Limited,Solar Photovoltaics,Melton,2022-04-01
6334,Elm Farm solar farm and Battery storage,Enso Energy Limited,Solar Photovoltaics,South Gloucestershire,2021-07-05
6335,Elm Farm solar farm and Battery storage,Enso Energy Limited,Battery,South Gloucestershire,2021-07-05
6337,Lethen Wind Farm  Wind Turbines and Energy Storage,Fred Olsen Renewables Ltd,Wind Onshore,Scottish Government (S36),2022-01-21
6356,Arlingham Solar Farm - Solar PV Panels & Battery Storage Facility,Kronos Solar,Solar Photovoltaics,Stroud,2022-06-30
6377,Great Field Lane - Battery storage system,Londonwide Properties Plc,Battery,"Kingston upon Hull, City of",2021-01-21
6378,The Town Hall - Solar Panels,Wolverton & Greenleys Town Council,Solar Photovoltaics,Milton Keynes,2021-01-21
6397,Shamrock Quay - Solar Photovoltaic Equipment,MDL Marinas,Solar Photovoltaics,Southampton,2021-03-09
6417,Miall Power - Energy Storage Facility,Private Developer,Battery,Rochdale,2021-02-11
6434,Kintradwell Lodge - Wind Farm & Battery storage,Renewable Energy System Limited,Battery,Highland,2021-02-19
6440,Swordale Wind turbine,Denscot Evergreen ,Wind Onshore,Highland,2021-03-22
6441,Kingston Solar farm,Renewable Energy System Limited,Solar Photovoltaics,Rushcliffe,2022-02-18
6455,New Circular Technology Park ,Grundon Waste Management,EfW Incineration,Arun,2021-04-01
6489,Macaulay Lane Solar Farm,SEC Power 3 Limited,Solar Photovoltaics,North East Lincolnshire,2021-05-04
6545,Metrolink Trafford Depot - Solar Panels & Battery Storage,Briar,Solar Photovoltaics,Trafford,2021-05-13
6546,Metrolink Trafford Depot - Solar Panels & Battery Storage,Briar,Battery,Trafford,2021-05-13
6550,"Milton Road, Gayton - Solar Farm",Anesco Limited,Solar Photovoltaics,West Northamptonshire,2021-10-28
6553,Sinton Green Solar Farm,BRL Solar UK Limited,Solar Photovoltaics,Malvern Hills,2021-10-11
6557,Stoneyhill Farm Wind turbines,Clean Earth,Wind Onshore,South Lanarkshire,2022-09-14
6566,Cruxton Farm - Solar Farm,Environmental Asset Management,Solar Photovoltaics,Dorset,2021-06-01
6568,Tesco Ilminster - Solar Panels,Tesco Stores Limited,Solar Photovoltaics,Somerset,2021-06-09
6579,Greenfield Road - Samphill Solar Farm,Anesco Limited,Solar Photovoltaics,Central Bedfordshire,2021-06-04
6631,University Of West London - Solar Photovoltaic & Ground Source Heat Pump,University of West London,Solar Photovoltaics,Ealing,2021-07-01
6632,Little Hartfell - Wind Farm,Energiekontor (UK) Limited,Wind Onshore,Dumfries and Galloway,2020-10-28
6678,Lullington Solar Park,Lullington Solar Park Limited,Solar Photovoltaics,South Derbyshire,2021-06-22
6718,Envar Composting Limited - Anaerobic Digestion Facility,Envar Limited,Anaerobic Digestion,Huntingdonshire,2021-07-19
6728,Hall Farm Solar Farm,Kronos Solar ,Solar Photovoltaics,Amber Valley,2021-01-07
6734,Morfa Pingett Solar Farm ,Richard Thomas and Co (Hydro) Limited,Solar Photovoltaics,Carmarthenshire,2021-08-19
6754,Tiddlywink Barn Battery Storage Power Plant,Mcballester Limited,Battery,Wiltshire,2021-08-24
6789,Rawlett Community Sports College,Academies Enterprise Trust,Solar Photovoltaics,Lichfield,2021-02-26
6790,Samuel Ryder Academy - Solar panels,Scholars Education Trust,Solar Photovoltaics,St Albans,2021-02-22
6791,Great Wyrley Performing Arts High School,Windsor Academy Trust,Solar Photovoltaics,South Staffordshire,2021-02-24
6792,Resourceful Earth Limited - Anaerobic Digester Facility,Resourceful Earth Limited,Anaerobic Digestion,Bath and North East Somerset,2021-02-09
6808,Mains Of Boquhan - Anaerobic Digester Facility,Grahams Family Dairy,Anaerobic Digestion,Stirling,2021-08-16
6823,Whitehill Road,Private Developer,Wind Onshore,Derry City and Strabane,2021-04-07
6835,St Ippolyts - Solar Farm & Battery Storage,RNA Energy Limited,Solar Photovoltaics,North Hertfordshire,2022-03-13
6836,St Ippolyts - Solar Farm & Battery Storage,RNA Energy Limited,Battery,North Hertfordshire,2022-03-13
6868,Halstead Road Eco Hub - Solar Farm & Battery Storage,Naturalis Energy Developments Limited,Solar Photovoltaics,Tendring,2022-01-11
6869,Halstead Road Eco Hub - Solar Farm & Battery Storage,Naturalis Energy Developments Limited,Battery,Tendring,2022-01-11
6876,Slough Road - Battery Storage,Pivot Power,Battery,Buckinghamshire,2021-09-29
6882,"Manor Royal, Rowfant - Solar PV Array",Vodafone Limited,Solar Photovoltaics,Crawley,2021-10-04
6892,"Battlesbridge Bypass, Rettendon - Battery Storage",Pelagic Energy,Battery,Chelmsford,2022-02-02
6927,Moberly Sports Centre - Photovoltaic Arrays,Westminster City Council,Solar Photovoltaics,Brent,2021-10-19
6932,"North Court Farm, Chilham - Solar Farm",GSI North Court Limited,Solar Photovoltaics,Ashford,2022-10-25
6946,Callisterhall Wind Farm -  Wind Farm & Battery Storage,Epower Limited,Wind Onshore,Dumfries and Galloway,2022-07-01
6947,Langhurst Wood Road - Hydrogen Generation Facility, Biffa Waste Services,Hydrogen,Horsham,2021-10-25
6949,"Knapthorpe Grange, Caunton -  Solar Farm",Knapthorpe Solar Limited,Solar Photovoltaics,Newark and Sherwood,2022-06-01
6963,"Maggots End Road, Berden - Solar Farm & Battery Storage",Low Carbon Limited,Solar Photovoltaics,Uttlesford,2021-11-12
6964,"Maggots End Road, Berden - Solar Farm & Battery Storage",Low Carbon Limited,Battery,Uttlesford,2021-11-12
6965,Bryn Posteg Landfill Site - Solar Array & Battery Storage,Potters Waste Management,Solar Photovoltaics,Powys,2022-06-24
6976,Pound Farm Lane - Battery Storage,Green Frog Power 214 Limited,Battery,Rhondda Cynon Taf,2021-11-08
6979,Clepington Road Electric Vehicle Charging Hub,Dundee City Council,Battery,Dundee City,2021-11-11
6998,Selwood Solar Farm,Land Value Alliances & Landowners Consortium,Solar Photovoltaics,Somerset,2021-10-28
7025,Southfield Farm - Battery Storage Facility,PD503HAN Limited,Battery,Wiltshire,2022-03-23
7032,"Hockerton Road, Caunton - Solar Farm",Muskham Solar Limited,Solar Photovoltaics,Newark and Sherwood,2022-06-01
7035,Rhoscrowther - Turbine Wind Farm,Rhoscrowther Wind Farm Limited,Wind Onshore,Welsh Government (NSIP),2021-10-11
7047,Hook Street - Energy Storage Compound,Immersa,Battery,Stroud,2021-12-24
7050,"Cholderton Road, Quarley - Battery Storage",Novus Renewable Services Limited,Battery,Test Valley,2022-01-10
7085,Lethen Wind Farm  Wind Turbines and Energy Storage,Fred Olsen Renewables Ltd,Battery,Scottish Government (S36),2022-01-21
7113,Maggots End - Solar Farm,Low Carbon Limited,Solar Photovoltaics,East Hertfordshire,2021-12-17
7120,Horndale Avenue - Solar PV System,Private Developer,Solar Photovoltaics,County Durham,2021-12-13
7124,Wickham Hall Estate Solar Photovoltaic Farm,Endurance Energy Wickham Hall Limited,Solar Photovoltaics,Uttlesford,2021-11-30
7125,Wickham Hall Estate - Battery Storage,Endurance Energy Wickham Hall Limited,Battery,Uttlesford,2021-11-30
7128,"Pengarnddu Industrial Estate, Dowlais - Battery Storage",Infinite Renewables Group,Battery,Merthyr Tydfil,2021-12-06
7129,Funtley Solar Photovoltaic PV Farm,Private Developer,Solar Photovoltaics,Winchester,2021-11-18
7146,Ditchers Farm,Conrad Energy (Developments) Limited,Battery,Bolton,2021-10-18
7159,Humberstone Heights Golf Club - Solar Panels,Leicester City Council,Solar Photovoltaics,Leicester,2021-09-21
7160,Liverpool John Lennon Airport - Solar Farm,Liverpool Airport Limited,Solar Photovoltaics,Halton,2021-12-24
7187,"Canworthy House, Canworthy Water - Solar Farm",Windel Energy / Canadian Solar,Solar Photovoltaics,Cornwall,2023-06-21
7209,Meridian Leisure Park - Solar Photovoltaics Array,Hollywood Bowl Group,Solar Photovoltaics,Blaby,2022-01-21
7211,Botley - Solar Photovoltaic Array,Red House Solar Limited,Solar Photovoltaics,Vale of White Horse,2023-11-27
7213,Wythenshawe Hospital - Solar Array,South Manchester University Hospital NHS Trust,Solar Photovoltaics,Manchester,2022-01-11
7231,"Lower Claverham Farm & Mount Pleasant Farm, Berwick - Solar Farm",Scottish Power Renewables,Solar Photovoltaics,Wealden,2022-01-19
7283,Avenue Power - Urban Reserve Flexible Energy Facility,AMP Energy Services Limited,Battery,Central Bedfordshire,2022-01-11
7287,"Vigo Lane, Borden - Solar Farm",Industria Solar Vigo (Industria Brand Energy),Solar Photovoltaics,Swale,2023-05-05
7291,East Croftmore - Battery Energy Storage ,Whirlwind Energy Storage Limited,Battery,Highland,2022-02-15
7310,"Mucknell Farm Lane, Stoulton - Solar Farm",Mucknell Abbey,Solar Photovoltaics,Wychavon,2022-10-31
7332,"Churchill China Uk Limited, Marlborough Way, Sandyford - Solar Panels",Churchill China (UK) Plc,Solar Photovoltaics,Stoke-on-Trent,2022-01-23
7352,"Maritime Way, Gillingham -  Solar Panels",WD Chatham Limited,Solar Photovoltaics,Medway,2022-02-28
7374,Stoughton - Ground Mounted Solar Panels,Portsmouth Water,Solar Photovoltaics,Chichester,2022-03-03
7379,Began Road - Ground Mounted Solar Pv array,Haygrove Limited,Solar Photovoltaics,Newport,2022-02-22
7432,Westhoughton - Roof mounted Solar panels,Private Developer,Solar Photovoltaics,Bolton,2022-03-16
7437,North Inches - Solar Photovoltaic Electricity Generation,Private Developer,Solar Photovoltaics,Falkirk,2022-03-17
7451,Woodlands Farm - Solar Array,Elgin Energy EsCo Limited,Solar Photovoltaics,Breckland,2022-03-23
7482,"Brogborough Landfill, Lidlington - Solar PV park",Infinis Solar Developments Limited,Solar Photovoltaics,Central Bedfordshire,2022-03-03
7487," Rutherford Appleton Laboratory, Building R8 & R9, Harwell - Solar Panels",Science & Technology Facilities Council,Solar Photovoltaics,Vale of White Horse,2022-03-30
7488,"Rutherford Appleton Laboratory, Building R40, Harwell - Solar Panels",Science and Technology Facilities Council,Solar Photovoltaics,Vale of White Horse,2022-03-30
7489,"Rutherford Appleton Laboratory, Building R1, Harwell - Solar Panels",Science and Technology Facilities Council,Solar Photovoltaics,Vale of White Horse,2022-03-30
7505," Rutherford Appleton Laboratory, Building R105 & R106, Harwell - Solar Panel",Science and Technology Facilities Council,Solar Photovoltaics,Vale of White Horse,2022-03-30
7506,"Rutherford Appleton Laboratory, Buildings R25, R61 & R68, Harwell - Solar Panels",Science & Technology Facilities Council,Solar Photovoltaics,Vale of White Horse,2022-03-30
7509,Alfreton Solar Farm,Kronos Solar,Battery,North East Derbyshire,2020-12-21
7516,Longhedge Solar Farm,Renewable Energy Systems,Solar Photovoltaics,Rushcliffe,2022-12-02
7556,"Europa Way, Units F1 & F2 - Solar panels",Amr Textiles Limited,Solar Photovoltaics,Bolton,2022-02-09
7593,"Barley Mow Farm, Evenley - Anaerobic Digestion Facility",Acorn Bioenergy Limited,Anaerobic Digestion,West Northamptonshire,2023-08-03
7615,Armadale Wind Farm,Brookfield Renewable UK,Battery,Scottish Government (S36),2022-03-22
7618,Factory Extension in Armagh,Greencircle Renewables Ltd,Anaerobic Digestion,"Armagh City, Banbridge and Craigavon",2022-01-14
7624,Anaerobic Digestion Plant Extension,United Renewables Limited,Anaerobic Digestion,Lisburn and Castlereagh,2021-05-11
7643,Hereford Cathedral School - Dining Hall & Boarding House,Hereford Cathedral School,Biomass (dedicated),"Herefordshire, County of",2020-08-26
7659,Hillend Of Lownie - Forfar Solar farm,Industria Resources Llp,Solar Photovoltaics,Angus,2023-06-05
7677,Derril Water Solar Farm - Solar Farm,Renewable Energy System Limited,Solar Photovoltaics,Torridge,2022-05-09
7681,Long Sutton - Renewable Energy Building,SCHSE Limited,Solar Photovoltaics,Somerset,2022-05-02
7765,"Torr Leathann, Ardross - Wind Farm ",Energiekontor,Wind Onshore,Highland,2022-06-06
7766,"Torr Leathann, Ardross - Battery Storage",Energiekontor,Battery,Highland,2022-06-06
7783,Murrells End Farm - Solar Arrays,Elgin Energy EsCo Limited,Solar Photovoltaics,Forest of Dean,2022-06-01
7791,Cargo Fleet Lane - Solar Array,SCS Lighting & Renewables,Solar Photovoltaics,Middlesbrough,2022-06-07
7828,Hilfield - Solar arrays & Battery storage,Elstree Green Limited,Solar Photovoltaics,Hertsmere,2022-05-31
7829,Hilfield - Solar arrays & Battery storage,Elstree Green Limited,Battery,Hertsmere,2022-05-31
7859,Bishampton Solar Farm,Infinis,Battery,Wychavon,2020-10-13
7871,Arlingham Solar Farm - Solar PV Panels & Battery Storage Facility,Kronos Solar,Battery,Stroud,2022-06-30
7921,Bryn Posteg Landfill Site - Solar Array & Battery Storage,Potters Waste Management,Battery,Powys,2022-06-24
7946,Rothesay Dock Plastic to Hydrogen Recycling Facility,The Peel Group,Hydrogen,West Dunbartonshire,2021-08-10
7974,"Stonehill, Minety",Penso Power Limited,Battery,Wiltshire,2022-07-20
8010,Whites Farm - Battery Storage,Anglo Renewables Limited,Battery,Basildon,2022-07-29
8047,"Banner Hill Farm, Banner Hill & Rouncil Lane - Battery Storage",Flexion Energy Storage UK Limited,Battery,Warwick,2022-08-05
8053,Callisterhall Wind Farm -  Wind Farm & Battery Storage,Epower Limited,Battery,Dumfries and Galloway,2022-07-01
8072,"Unit 1, Mallory Way, Longford - Solar Panels",Legal & General Invt Management,Solar Photovoltaics,Nuneaton and Bedworth,2022-08-02
8165,Gremista Greener Grid Park Stabilisation Facility,Statkraft Wind UK Limited,Battery,Shetland Islands,2023-02-10
8182,"Healeys, Cyder Farm - Solar Photovoltaic Array",Healeys Cornish Cyder Farm,Solar Photovoltaics,Cornwall,2023-04-24
8187,Feldon Vale Solar Farm,Low Carbon,Solar Photovoltaics,Stratford-on-Avon,2022-09-09
8206,"Danbury Outdoors, Well Lane - Solar Array",Essex County Council,Solar Photovoltaics,Chelmsford,2022-09-13
8227,"Sewage Works, Southampton Road - Solar Farm",Communities for Renewables CIC,Solar Photovoltaics,Wiltshire,2023-08-23
8269,"South Devon College, Spots Hall - Solar Panels",South Devon College,Solar Photovoltaics,Torbay,2022-09-26
8273,Berrington Farm - Solar Array,Econergy International Limited,Solar Photovoltaics,Shropshire,2022-09-27
8291,"Garcrogo Hill And Barmark Hill, Corsock - Wind Farm & Battery Storage",EnergieKontor,Wind Onshore,Dumfries and Galloway,2022-09-16
8292,"Garcrogo Hill And Barmark Hill, Corsock - Wind Farm & Battery Storage",EnergieKontor,Battery,Dumfries and Galloway,2022-09-16
8307,"Charrington Bowl, Kingston Road - Solar Panels",Mayfair Capital Property Unit Trust,Solar Photovoltaics,Kingston upon Thames,2022-09-27
8323,"Wallis Building Designs, Midgeland Road - Solar Panels",Wallis Building Designs,Solar Photovoltaics,Blackpool,2022-09-27
8327,"Ryton End, Barston - Battery Storage",Greenfield Energy Consultancy Limited,Battery,Solihull,2022-09-27
8332,Wull Muir Wind Farm,Energiekontor UK Limited,Wind Onshore,Scottish Borders,2022-12-16
8334,Progress Way - Solar Panels,Corbenyah Properties Limited,Solar Photovoltaics,Blackpool,2022-09-27
8336,"Stream Lane, Upleadon - Solar Photovoltaic Farm",Pathfinder Clean Energy UK Dev Limited,Solar Photovoltaics,Forest of Dean,2022-10-05
8337,"Pound Road, Hawkchurch - Battery Energy Storage",Enso Green Holdings B Limited,Battery,East Devon,2022-10-05
8356,East Witney Green Power  - Anaerobic Digestion Facility,Acorn Bioenergy Limited,Anaerobic Digestion,West Oxfordshire,2023-02-22
8391,"Bryn Y Plentyn Farm, Middleton - Wind Turbine",CR & GM Woollam & Son,Wind Onshore,Shropshire,2022-10-04
8410,"Green Lane & Cliff Lane, Gonerby Moor - Solar Farm",Lightsource BP,Solar Photovoltaics,South Kesteven,2023-04-12
8427,"Souber Dairy, Crossgates Farm - Solar Panels",JR Dodgson & Son,Solar Photovoltaics,North Yorkshire,2022-10-11
8428,Darlington Road - Solar Array,North Yorkshire County Council,Solar Photovoltaics,North Yorkshire,2022-09-30
8450,"The Ffaldau Waste Re Cycling Centre, Llandegley  - CHP",Powys Environmental Limited,EfW Incineration,Powys,2022-10-25
8460,"Lavant Pumping Station, Lavant Down Road - Solar Panels",Portsmouth Water Limited,Solar Photovoltaics,Chichester,2022-09-29
8473,"Sandhill Farm, Picketts Hill - Solar panels ",Knightsbridge Farms Limited,Solar Photovoltaics,East Hampshire,2022-10-31
8479,"Manor Farm, Denchworth - Solar Photovoltaic Panels",Renewable Connections Limited,Solar Photovoltaics,Vale of White Horse,2023-11-28
8492,"Watling Street, Caddington - Battery Storage",Chiltern Renewables Hockliffe Limited,Battery,Central Bedfordshire,2023-11-17
8496,"Burges Hill, Stoke St Michael - Solar Array Panels",Hiscox Solar Partnership,Solar Photovoltaics,Somerset,2022-11-03
8500,"Home Farm, Bedford Road  - Solar Power Array",Brayfield Farms Limited,Solar Photovoltaics,Milton Keynes,2022-11-04
8503,"Reepham Road, Horsford - Solar Farm",Pathfinder Clean Energy UKDev Limited,Solar Photovoltaics,Broadland,2023-08-09
8535,"Copeland Way, Ellough - Anaerobic Digestion Plant",Privilege Finance Limited,Anaerobic Digestion,East Suffolk,2022-11-16
8578,"The Old Vicarage, Reedley - Battery Storage",European Energy A/S,Battery,Pendle,2023-08-03
8584,"James And Sons, Johnstonebridge - Solar Panels",James & Sons Limited,Solar Photovoltaics,Dumfries and Galloway,2022-11-22
8585,"New Hall Farm, New Hall Lane - Solar Farm",Boom Developments Limited,Solar Photovoltaics,Wakefield,2023-10-05
8591,"Wessex Water Palmersford Sewage Treatment, Humber Road - Solar Panels",Wessex Water,Solar Photovoltaics,Dorset,2022-11-21
8592,"Alfred G Pearce, Castle Road - Solar Farm",A G Pearce Limited,Solar Photovoltaics,King's Lynn and West Norfolk,2022-11-28
8661,"Llanfendigaid, Rhoslefain - Solar Panels",Llanfendigaid Estate,Solar Photovoltaics,Gwynedd,2022-12-05
8671,"Larkins Farm, Gellings Lane - Solar Farm",North West Solar Limited,Solar Photovoltaics,Knowsley,2023-10-12
8721,"Coldharbour, Chickerell - Battery Storage Facility",23 Energy,Battery,Dorset,2023-04-25
8722,"Culham Science Centre, Clifton Hampden - Battery Storage Facility",Statera Energy,Battery,South Oxfordshire,2024-05-09
8734,"Littywood Farm, Toft Lane - Solar Array",Elgin Energy Services,Solar Photovoltaics,South Staffordshire,2022-12-05
8759,"Grove Farm, Cow Lane - Anaerobic Digestion Facility",Acorn Bioenergy Limited,Anaerobic Digestion,Vale of White Horse,2022-12-15
8763,"Herbert Woods, Bridge Road - Solar Panels",Herbert Woods,Solar Photovoltaics,Great Yarmouth,2023-01-06
8773,"Pool Farm, Mill Lane, Stratton - Solar Farm",JBM Solar Projects Limited,Battery,Cherwell,2023-01-03
8774,"Headland Hotel, Headland Road - Solar Panels",The Headland Hotel,Solar Photovoltaics,Cornwall,2023-01-04
8787,Blackpole Trading Estate West - Biomass Boiler,Blackpole Recycling Limited,Biomass (dedicated),Worcester,2021-08-23
8798,"Omega Proteins Penrith, Processing Plant - Anaerobic Digestion Facility",Omega Proteins Limited,Anaerobic Digestion,Westmorland and Furness,2023-04-26
8809,Wull Muir Wind Farm,Energiekontor UK Limited,Battery,Scottish Borders,2022-12-16
8830,"Woofields Farm, Coddington - Anaerobic Digestion",Private Developer,Anaerobic Digestion,"Herefordshire, County of",2023-01-04
8834,"Long Lane, Stanwell - Battery Energy Storage",Harwood Project One Limited,Battery,Spelthorne,2023-01-17
8858,"Hoburne Naish, Glenside Naish Estate - Solar panels",Hoburne Naish Holiday Park,Solar Photovoltaics,New Forest,2023-01-23
8893,"Gravel Farm, Cleeve - Solar Farm",Relay Gravel Limited,Solar Photovoltaics,Forest of Dean,2023-01-26
8921,"Roman Bank, Middle Marsh - Solar Farm",AUK PE12 Limited,Solar Photovoltaics,South Holland,2023-02-07
8927,"Streatham Campus, Stocker Road - Solar Panels",University of Exeter,Solar Photovoltaics,Exeter,2023-02-07
8937,"Westfield Road, Carlton - Battery Storage",Firma Vogt Solar Limited,Battery,Leeds,2023-01-24
8977,Fairways Business Park - Battery Storage ,Inverness Caledonian Thistle Football Club,Battery,Highland,2023-02-17
8979,"Par Market, Par Moor Road - Solar Array",Par Market,Solar Photovoltaics,Cornwall,2023-02-17
9004,"Elstree Film And TV Studios, Shenley Road - Solar Panels And ASHPs",Hertsmere Borough Council,Solar Photovoltaics,Hertsmere,2022-02-24
9015,"Oatcroft Fram, Titley - Solar PV Array",Green Switch Capital Limited,Solar Photovoltaics,"Herefordshire, County of",2023-12-04
9020,"Registry Twyver House, Bruton Way - Solar Panels",Unknown,Solar Photovoltaics,Gloucester,2023-02-02
9050,"Park House Farm, Meriden Road - Solar Farm",Enviromena Asset Management UK Limited,Solar Photovoltaics,North Warwickshire,2023-02-24
9063,Golf Road - Battery Energy Storage,Cragside Energy Limited,Battery,Trafford,2023-06-02
9096,Akeman Solar Park & Battery Storage,British Solar Renewables,Solar Photovoltaics,West Oxfordshire,2023-11-06
9097,Akeman Solar Park & Battery Storage,British Solar Renewables,Battery,West Oxfordshire,2023-11-06
9098,Lentons Lane Solar Farm,Coventry City Council,Solar Photovoltaics,Coventry,2023-05-30
9108,Kirkton Barns Farm - Wind Turbine,Kirkton Barns Farm,Wind Onshore,Fife,2023-09-26
9116,"Plummers Road, Fordham - Solar Array",Arbora Homes,Solar Photovoltaics,Colchester,2023-03-20
9134,"Lower Farm, Drointon Lane - Solar farm & Battery Energy Storage",Novus Renewable Services,Solar Photovoltaics,Stafford,2023-03-17
9135,"Lower Farm, Drointon Lane - Solar farm & Battery Energy Storage",Novus Renewable Services,Battery,Stafford,2023-03-17
9151,"University Of Buckingham Campus, Energy Storage System",AMP Energy Services Limited,Battery,Buckinghamshire,2023-03-24
9163,"Loxley Waste Water Treatment Work,Storrs Bridge Lane - Solar Panels",Downing Renewable Developments,Solar Photovoltaics,Sheffield,2023-06-06
9167,"Side Barn, Church Lane - Solar Farm",PS Renewables Limited,Solar Photovoltaics,South Kesteven,2024-04-04
9177,Newton Of Pitfodels - Battery Storage ,Flexion Energy Uk Storage,Battery,Aberdeen City,2024-05-20
9185,"Levedale Road, Levedale - Battery Energy Storage",Anglo Renewables Limited,Battery,South Staffordshire,2023-03-21
9203,"Earthcott Green Farm, Earthcott Green - Battery Energy Storage",Immersa Limited,Battery,South Gloucestershire,2023-03-31
9215,"Hazel Court, Sketty Park - Solar Panels ",Caredig Housing Association,Solar Photovoltaics,Swansea,2023-04-05
9221,20 Evish Road - Wind Turbine,AGH Energy Limited,Wind Onshore,Derry City and Strabane,2023-01-23
9225,"14 Stone Rd, Victoria Bridge - Wind Turbine",Cladyhill Wind Limited,Wind Onshore,Derry City and Strabane,2023-01-03
9229,Southlands Solar Farm & Battery Storage,Enso Green Holdings Limited / Cero Generation,Solar Photovoltaics,Chelmsford,2023-04-06
9230,Southlands Solar Farm & Battery Storage,Enso Green Holdings Limited / Cero Generation,Battery,Chelmsford,2023-04-06
9243,Siemens Road - Solar Panels,Heatsource Direct Limited,Solar Photovoltaics,Greenwich,2023-04-12
9253,"Swan Road, Westminster Industrial Estate - Solar Panels",Heatsource Direct Limited,Solar Photovoltaics,Greenwich,2023-04-12
9265,"Thornlands Farm, Fletchwood Road - Solar Farm",Enviromena Asset Management UK Limited,Solar Photovoltaics,New Forest,2024-02-29
9330,"Chelmsford Road, Rawreth - Solar Farm & Battery Storage",Enso Green Holdings J Limited,Solar Photovoltaics,Rochford,2023-03-29
9331,"Chelmsford Road, Rawreth - Solar Farm & Battery Storage",Enso Green Holdings J Limited,Battery,Rochford,2023-03-29
9342,"Arthur Rickwood Farm, Chatteris Road - Solar Panels","Monkfield Nutrition",Solar Photovoltaics,East Cambridgeshire,2023-04-25
9346,"John Guest Speedfit Limited, Oldfield Road - Solar Panels",Reliance Worldwide Corporation (UK) Limited,Solar Photovoltaics,Windsor and Maidenhead,2023-04-27
9349,"St Julians, St Julians Road - Solar Panels",Rumshott Estate limited,Solar Photovoltaics,Sevenoaks,2023-05-04
9351,"Sainsburys Supermarkets, Station Road - Solar Panels", J Sainsbury Plc ,Solar Photovoltaics,Maidstone,2023-05-02
9358,Beech Tree Solar Farm, Low Carbon UK Solar Investment Co Limited,Solar Photovoltaics,Wiltshire,2023-11-29
9359,"Landulph Substation, Landulph - Battery Storage",NZED Projectco 2 Limited,Battery,Cornwall,2024-01-10
9457,Power Generation Development in Templepatrick,Private Developer,Wind Onshore,Antrim and Newtownabbey,2023-02-01
9472,"Pound Road, Hawkchurch - Battery Energy Storage System",Enso Energy Limited,Battery,East Devon,2023-05-25
9505,"Yorkshire Water Naburn, Naburn Lane - Ground Mounted Solar Array",Downing Energy Development Company Limited,Solar Photovoltaics,York,2023-05-25
9509,"Work Farm, Work Road - 1.8MW Wind Turbines",Birsay Energy Limited,Wind Onshore,Orkney Islands,2023-05-24
9514,Illeybrook Farm - Battery Energy Storage,Net Zero Eleven Limited,Battery,Dudley,2023-07-24
9522,Chimmens Solar Farm,RES Limited,Solar Photovoltaics,Sevenoaks,2023-12-19
9527,"Haslemere Industrial Estate, Pig Lane - Solar Panels",Stagecoach Group Plc,Solar Photovoltaics,East Hertfordshire,2023-06-01
9549,David Lloyd Leisure - Solar Panels,David Lloyd Leisure Limited,Solar Photovoltaics,"Bournemouth, Christchurch and Poole",2023-06-01
9558,"85 Deerfin Road, Ballymena - Wind Turbine",Mc Larnon Roofing Limited,Wind Onshore,Mid and East Antrim,2023-04-13
9580,"Haven Rockley Holiday Park, Napier Road - Solar Panels",Bourne Leisure Group,Solar Photovoltaics,"Bournemouth, Christchurch and Poole",2023-06-08
9613,"David Lloyd Leisure, Ducks Hill Road - Solar Panels",David Lloyd Leisure Limited,Solar Photovoltaics,Hillingdon,2023-06-09
9656,"Sawley Hall, Sawley - Solar Pv Array",Sawley Estate,Solar Photovoltaics,North Yorkshire,2023-06-26
9659,"Marelli, Home Furniture Shop - Solar Panels",Marelli,Solar Photovoltaics,Sunderland,2023-06-26
9672,Burcot Farm Battery Storage,Burcot Solar Farm Limited,Battery,South Oxfordshire,2023-06-23
9724,"Seath Road, Rutherglen - Battery Storage",Green Power Consultants,Battery,South Lanarkshire,2023-09-21
9738,West Boldon Substation - Battery Energy Storage,Whirlwind Energy Storage Limited,Battery,South Tyneside,2023-07-17
9768,"Parkwood Academy, Longley Avenue West - Solar Panels",E-ACT,Solar Photovoltaics,Sheffield,2023-07-05
9804,Hillend Of Lownie - Forfar Solar farm,Industria Resources Llp,Battery,Angus,2023-06-05
9819,"Newton Lane, Ledston - Battery Storage Facility",Harmony LS Limited,Battery,Leeds,2023-07-25
9856,"Aggregate Industries, Grovebury Road - Solar Panels",Aggregate Industries UK Limited,Solar Photovoltaics,Central Bedfordshire,2023-07-20
9872,"Icon Harlow, Gsk Third Avenue - Solar Photovoltaic Panels",FRELIF (Harlow),Solar Photovoltaics,Harlow,2023-07-21
9883,"Hempton Poultry Sheds, Hempton Road - Solar PV Array",Private Developer,Solar Photovoltaics,North Norfolk,2023-07-25
9941,"Pen Y Bryn Farm, Pen Y Bryn - Wind Turbine",Constantine Wind Energy Limited,Wind Onshore,Conwy,2023-08-15
9947,"Marsh Farm, Fobbing - Solar Arrays & Battery Storage",Rayleigh Green Limited,Solar Photovoltaics,Thurrock,2023-07-07
9948,"Marsh Farm, Fobbing - Solar Arrays & Battery Storage",Rayleigh Green Limited,Battery,Thurrock,2023-07-07
9987,"PPG Letter, Needham Road - Solar Pv Panels","PPG Industries",Solar Photovoltaics,Mid Suffolk,2023-08-23
9989,"Lower Silton, Fantley Lane - Solar Panels",Sungift Solar Limited,Solar Photovoltaics,Dorset,2023-08-25
9996,"Coupar Angus Substation, Pleasance Road - Solar Farm",Coupar Two Limited,Solar Photovoltaics,Perth and Kinross,2023-08-18
10031,"Croxby Hall Farm, Inglemire Lane - Solar Farm & Battery Storage",UOH Energy Co Limited,Solar Photovoltaics,East Riding of Yorkshire,2023-08-25
10032,"Croxby Hall Farm, Inglemire Lane - Solar Farm & Battery Storage",UOH Energy Co Limited,Battery,East Riding of Yorkshire,2023-08-25
10033,Snuff Mill Lane Gates - Solar Farm & Battery Storage,UOH Energy Co Limited,Solar Photovoltaics,East Riding of Yorkshire,2023-08-25
10034,Snuff Mill Lane Gates - Solar Farm & Battery Storage,UOH Energy Co Limited,Battery,East Riding of Yorkshire,2023-08-25
10038,"Lower Ellenden Farm, Water Lane - Solar Panels ",RNA Energy Limited,Solar Photovoltaics,Tunbridge Wells,2023-08-30
10039,"Lower Ellenden Farm, Water Lane - Battery Storage",RNA Energy Limited,Battery,Tunbridge Wells,2023-08-30
10058,Wallerscote Limebeds - Solar Pv Park,Infinis Solar Developments Limited / Green Earth Developments,Solar Photovoltaics,Cheshire West and Chester,2023-09-01
10059,Wallerscote Limebeds - Battery Energy Storage,Infinis Solar Developments Limited / Green Earth Developments,Battery,Cheshire West and Chester,2023-09-01
10068,"New Alderley House, Hope Drive - Solar PV System",Primary Health Properties Limited,Solar Photovoltaics,Cheshire East,2023-09-06
10076,"South Causey Inn, Causey Road - Solar PV Panels",South Causey Hotel,Solar Photovoltaics,County Durham,2023-09-08
10084,"Kent Street, Cowfold - Battery Energy Storage System",Enso Energy / Bolney Green Energy Hub,Battery,Horsham,2024-01-26
10100,Ashley Garage - Solar PV Array ,Ashley Garage Limited,Solar Photovoltaics,Wiltshire,2023-09-11
10101,Ashley Garage - Solar PV Array ,Ashley Garage Limited,Battery,Wiltshire,2023-09-11
10106,"Warren Lane, Bramham - Battery Energy Storage",Harmony Energy Limited,Battery,Leeds,2023-09-19
10142,Buildwas Bank - Battery Energy Storage,Lower Coalmoor BESS Limited,Battery,Telford and Wrekin,2023-09-22
10168,"Dobbies Garden Centres, Bath Road - Solar PV System",Dobbies Garden Centre Gloucester,Solar Photovoltaics,Stroud,2023-10-05
10182,"Galleymead House, Old Bath Road - Battery Storage",Power & Energy Fields Limited             ,Battery,Slough,2023-10-03
10194,"Linton Mill, Wintringham - Biomass Boiler",T Mason Services Limited,Biomass (dedicated),North Yorkshire,2023-10-16
10227,Tanners Lane - Battery Energy Storage System,Tag Energy Development UK Limited,Battery,Solihull,2023-10-02
10248,"Old Warden Park, Old Warden - Solar PV",The Richard Shuttleworth Remembrance Trust,Solar Photovoltaics,Central Bedfordshire,2023-10-26
10269,"D Strasdin Joinery, Trostre Industrial Park - 2 Biomass Boilers",C Thomas,Biomass (dedicated),Carmarthenshire,2023-10-02
10317,Headstone Lane - Solar Panels,MK Build Limited,Solar Photovoltaics,Harrow,2023-10-02
10335,"Harbour club, Watermeadow Lane - Solar Panels",Custom Solar Limited,Solar Photovoltaics,Hammersmith and Fulham,2023-11-20
10341,The Mcindoe Centre - Solar Panels,Horder Healthcare,Solar Photovoltaics,Mid Sussex,2023-11-15
10350,"Westfield Road, Carlton - Battery Storage",Firma Vogt Solar Limited,Battery,Leeds,2023-11-07
10387,Rushett Lane - Battery Storage System,Enso Energy,Battery,Epsom and Ewell,2024-04-16
10390,"D W Windsor, Pindar Road - Solar Panels",Webster Estates Limited,Solar Photovoltaics,Broxbourne,2023-12-05
10392,"Litton Energy, Unit 12B - Solar Panels",Litton Properties Limited,Solar Photovoltaics,Derbyshire Dales,2023-11-28
10411,Burcot Solar Farm,Ethical Power,Solar Photovoltaics,South Oxfordshire,2023-12-04
10412,Burcot Solar Farm,Ethical Power,Battery,South Oxfordshire,2023-12-04
10415,Manchester Marriott Victoria And Albert Hotel - Solar Panels,Marriott Hotels,Solar Photovoltaics,Manchester,2023-12-01
10423,Salcey Green Farm - Solar Panels,Salcey Green Farm,Solar Photovoltaics,Milton Keynes,2024-04-17
10448,North Moss Lane - Solar Photovoltaic Farm,Taiyo Power & Storage Limited,Solar Photovoltaics,Sefton,2023-11-30
10516,"Ymca And Castlefield Hotel, Liverpool Road - Solar Panels",Manchester YMCA & Castlefield Hotel,Solar Photovoltaics,Manchester,2023-12-20
10521,"West Chevington Farm, West Chevington - Solar PV Panels",Genesis One Limited,Solar Photovoltaics,Northumberland,2023-12-19
10522,"West Chevington Farm, West Chevington - Battery Storage",Genesis One Limited,Battery,Northumberland,2023-12-19
10523,"Summerton Farm, Sageston - Wind Turbine",Constantine Wind Energy Limited,Wind Onshore,Pembrokeshire,2023-11-30
10534,Chimmens Solar Farm,RES Limited,Battery,Sevenoaks,2023-12-19
10543,"Herrod Avenue, South Reddish - Battery Energy Storage",Infra Balance New Energy Limited,Battery,Stockport,2023-12-07
10547,"Morrisons, Lysander Road - Solar Panels",Gondola Pro,Solar Photovoltaics,Somerset,2024-01-09
10550,Stanhope Road - Solar Panels,Electron Green,Solar Photovoltaics,Surrey Heath,2024-01-11
10561,"Nizels Golf Club, Nizels Lane - Solar Panels",The Club Company,Solar Photovoltaics,Tonbridge and Malling,2024-01-04
10574,"Kings Oak Primary School, Oak Road - Solar Array",Bedford Borough Council,Solar Photovoltaics,Bedford,2024-01-12
10586,"Somerby Farm, Lochussie - Wind turbine",Constantine Wind Energy Ltd,Wind Onshore,Highland,2024-01-13
10592,Ayton Mains Farmhouse - Wind Turbines,Constantine Group Limited,Wind Onshore,Scottish Borders,2024-01-03
10598,"Deptford Farm, Ebberley Hill - Solar Farm",Elgin Energy ES Co Limited,Solar Photovoltaics,Torridge,2023-12-21
10599,"Deptford Farm, Ebberley Hill - Battery Storage",Elgin Energy ES Co Limited,Battery,Torridge,2023-12-21
10614,Staddon Lane - Micro Energy Storage Facility,AMP Energy Services Limited,Battery,Plymouth,2024-01-05
10627,Chertsey Road - Solar PV Panels,Currie Motors Limited,Solar Photovoltaics,Richmond upon Thames,2024-01-29
10656,Winslade Park - Solar Array,Burrington Estates (New Homes Thrive Hubs),Solar Photovoltaics,East Devon,2024-01-17
10669,Sunbury Battery Energy Storage System - Battery Energy Storage System,EcoDev Group Limited,Battery,Spelthorne,2024-01-04
10681,"Eagle Two, Hatchford Way - Solar Panels",Regional REIT,Solar Photovoltaics,Birmingham,2024-02-05
10705,"Farleigh School, Stockbridge Road - Solar Panels",Farleigh School,Solar Photovoltaics,Test Valley,2024-02-14
10730,"Endoline Machinery Limited, Stratton Business Park - Solar Panels",Abrdn,Solar Photovoltaics,Central Bedfordshire,2024-02-17
10740,"The Warwickshire Golf and Country Club, Warwick Road - Solar Panels",The Club Company,Solar Photovoltaics,Warwick,2024-02-22
10741,"Burghfield Road, Southcote -  Battery Storage Facility",Renepower Energy Limited,Battery,Reading,2023-09-27
10776,"Wareham Road, Scouse Farm - Battery Storage",Ylem Energy Limited,Battery,East Devon,2024-02-16
10784,"Dyche Lane, Batemoor - Battery Energy Storage System",Ylem Energy Limited,Battery,North East Derbyshire,2024-02-05
10826,"Zains Superstore, Legrams Lane - Battery Storage Facility",Comcat Limited,Battery,Bradford,2024-02-27
10831,"Brick Kiln Farm, Sandy Hill - Solar Array",Retreat East Limited,Solar Photovoltaics,Mid Suffolk,2024-02-20
10861,"Leadenham Poultry Unit, Sleaford Road - Solar Panels",Sutherland Farms Limited,Solar Photovoltaics,North Kesteven,2024-03-06
10864,"Nythe Road, Pedwell - Solar Photovoltaic Park",Elgin Energy Services Limited,Solar Photovoltaics,Somerset,2024-02-28
10866,"Oakwood Business Park, Golden Cross - Solar Panels",Challenge Packaging Limited,Solar Photovoltaics,Wealden,2024-03-13
10871,"Barnwell, Wright Street - Battery Energy Storage",P3P Partners Llp,Battery,Renfrewshire,2024-02-27
10885,Haughmond Quarry -  Uffington Solar Farm,Opdenergy UK 10 Limited,Solar Photovoltaics,Shropshire,2024-03-14
10909,"High View Road, South Normanton - Battery Energy Storage Unit",Mercia Power Response Limited,Battery,Bolsover,2024-03-20
10918,"DTC St Helens Hospital, Marshalls Cross Road - Solar Panels",St Helens Hospital,Solar Photovoltaics,St. Helens,2024-03-28
10933,"Brioche Pasquier, Garamonde Drive - Solar Panels",Brioche Pasquier,Solar Photovoltaics,Milton Keynes,2024-03-21
10938,"Town Farm, Blackawton - Battery Storage System",Aldustria Energy Storage,Battery,South Hams,2024-04-03
10959,"Winterburn Hydro, Winterburn Reservoir - Hydro Electric Station",H2O Power Generation Limited,Small Hydro,North Yorkshire,2024-04-17
10960,"New Balance Athletic Shoes, Flimby To Maryport - Wind Turbine",New Balance Athletic Shoes UK Ltd,Wind Onshore,Cumberland,2024-03-18
10992,"Rishworth School, Oldham Road - Solar Panels",Eden Sustainable Limited,Solar Photovoltaics,Calderdale,2024-04-25
11042,Stanhope Road - Solar Panels,Electron Green,Solar Photovoltaics,Surrey Heath,2024-05-13
11046,"Moat Barn, Moat Lane - Solar Panels",Private Developer,Solar Photovoltaics,Rotherham,2024-04-29
11052,"Wild Fowl Farm, Carrington Lane - Battery Storage Facility",O&G Solar (SPV 56) Ltd,Battery,Trafford,2024-05-01
11053,"St Johns Beaumont School, Priest Hill - Solar Panels",St Johns Beaumont School,Solar Photovoltaics,Runnymede,2024-05-07
11055,"Wagglehill, Cuminestown - Wind Turbine",Harpers Transport,Wind Onshore,Aberdeenshire,2024-04-26
11072,Salthouse Road - Roof Mounted Solar Photovoltaics,Logicor Europe Limited,Solar Photovoltaics,West Northamptonshire,2024-05-15
11085,"Henwood Lane, Catherine De Barnes - Battery Storage Facility",ARL016,Battery,Solihull,2023-09-18
11108,"Spire Gatwick Park Hospital, Povey Cross Road - Solar Panels",Spire Gatwick Park Hospital,Solar Photovoltaics,Mole Valley,2024-06-03
11126,"Prologis Park, Unit B - Solar Panels",Redcentric,Solar Photovoltaics,Hounslow,2024-05-21
11129,"Electricity Sub Station, Babbage Way - Micro Energy Storage Facility",AMP Energy Services Limited,Battery,East Devon,2024-06-10
11158,"Berllandeg Farm, Rhoswiel -  Solar Panels",Private Developer,Solar Photovoltaics,Shropshire,2024-05-24
11161,Sacketts Hill Farm - Battery Energy Storage System,Greenfield Limited,Battery,Thanet,2024-05-30
11166,Stoneworthy - Battery Energy Storage System,RES Limited,Battery,Torridge,2024-06-03
11200,"King James I Academy, South Church Road - Solar Panels",Solar Options for Schools Limited,Solar Photovoltaics,County Durham,2024-06-17
11208,"Castleford Wastewater Treatment Works, Wheldon Road - Solar Array",Downing Energy Development Company Limited,Solar Photovoltaics,Wakefield,2024-07-04
11222,"Hertford Industrial Estate, Caxton Hill - Solar Panels",Marbank Construction Limited,Solar Photovoltaics,East Hertfordshire,2024-06-25
11252,Old Teignmouth Road - Micro Energy Storage Facility,AMP Energy Services Limited,Battery,Teignbridge,2024-07-05
11261,"Totnes Road, Ipplepen - Micro Energy Storage Facility",Aggregated Micro Power Holdings Plc,Battery,Teignbridge,2024-07-05
11262,The Barton - Energy Storage Facility,Aggregated Micro Power Holdings Plc,Battery,West Devon,2024-07-09
11285,"Dewsbury Sewage, Clough Lane - Solar Panels",Downing Renewables,Solar Photovoltaics,Wakefield,2024-07-04
11311,"Yeading Infant School, Carlyon Road - Solar PV Systems",Solar Options for Schools,Solar Photovoltaics,Hillingdon,2024-07-15
11312,Wisbech St Mary Sports & Community Centre - Energy Storage Facility,AMP Clean Energy,Battery,Fenland,2024-07-23
11323,"Wilford Bridge Road, Station Road - Micro Energy Storage Unit",Aggregated Micro Power Holdings Plc,Battery,East Suffolk,2024-07-09
11324,"Bliney Road, Grove Road -  Micro Energy Storage",Aggregated Micro Power Holdings Plc,Battery,East Suffolk,2024-07-09
11327,"Wilford Bridge Road, Station Road - Micro Energy Storage Unit",Aggregated Micro Power Holdings Plc,Battery,East Suffolk,2024-07-09
11328,"Bliney Road, Grove Road - Micro Energy Storage",Aggregated Micro Power Holdings Plc,Battery,East Suffolk,2024-07-09
11333,"J S T Uk, Blyth Road -Micro Energy Storage Facility",AMP Clean Energy,Battery,East Suffolk,2024-07-18
11338,"Beccles Road, Carlton Colville - Micro Energy Storage Unit",AMP Energy Services Limited,Battery,East Suffolk,2024-07-18
11430,"Hodgetts Lane, Berkswell - Electricity Storage Facility",Coventry Energy Storage Limited,Battery,Solihull,2024-07-02
